{"cameraMode":{"drawMode":0,"name":"Shaded","section":"Shading Mode"},"sceneLighting":true,"audioPlay":false,"sceneViewState":{"m_AlwaysRefresh":false,"showFog":true,"showSkybox":true,"showFlares":true,"showImageEffects":true,"showParticleSystems":true,"showVisualEffectGraphs":true,"m_FxEnabled":true},"in2DMode":false,"pivot":{"x":0.5945466160774231,"y":1.8795337677001954,"z":-1.0957914590835572},"rotation":{"x":-0.02993679977953434,"y":0.9663597345352173,"z":-0.2184416800737381,"w":-0.13243739306926728},"size":3.6247448921203615,"orthographic":false}